spell_id,cost
10,2000
17,100
53,100
72,1000
99,300
100,100
116,100
118,200
120,5000
122,400
126,2500
130,600
131,3000
132,4000
136,600
139,200
143,100
145,600
172,100
196,1000
197,1000
198,1000
199,1000
200,10000
201,1000
202,1000
205,200
227,1000
264,1000
266,1000
284,200
285,2000
324,100
325,1800
332,100
339,200
348,10
370,800
408,10000
421,8000
453,3000
465,10
467,100
475,1800
498,100
526,1800
527,2000
528,1200
529,100
543,2000
546,6000
547,800
548,900
552,11000
556,7000
586,200
587,100
588,800
589,100
591,100
592,800
594,300
596,10000
597,600
598,1200
600,2000
602,10000
603,26000
604,600
605,10000
633,300
639,100
642,13000
643,4000
647,2000
674,300
676,3000
689,900
693,1500
694,2000
695,100
696,300
698,2000
699,2500
702,100
703,1200
704,900
705,600
706,2000
707,300
709,6000
710,5000
740,6000
750,20000
755,600
759,7000
768,2000
769,10000
770,1900
772,100
774,100
778,6000
779,1800
780,4000
781,2200
782,900
783,6000
824,200000
825,200000
826,200000
828,200000
837,900
845,4000
853,100
865,5000
871,11000
879,4000
905,3500
913,2000
915,2200
921,100
930,12000
939,3500
943,4000
945,8000
959,8000
970,2000
976,10000
980,200
984,4000
988,14000
990,3000
992,6000
996,18000
1002,1200
1004,10000
1006,18000
1008,1800
1014,1500
1020,28000
1022,300
1026,4000
1032,20000
1038,6000
1042,11000
1044,3500
1058,300
1062,1900
1064,12000
1075,4000
1079,2000
1082,2000
1086,6000
1088,2000
1094,2000
1098,6000
1106,5000
1108,600
1120,300
1126,10
1130,100
1152,100
1160,1500
1161,10000
1180,1000
1243,10
1244,800
1245,5000
1430,1800
1449,900
1454,100
1455,1200
1456,4000
1459,10
1460,900
1461,7000
1462,7000
1463,2000
1464,12000
1490,7000
1494,10
1495,1800
1499,2200
1510,18000
1513,1200
1535,800
1543,10000
1608,8000
1671,14000
1672,54000
1680,18000
1706,12000
1714,4000
1715,200
1719,42000
1725,4000
1735,2000
1757,100
1758,1200
1759,4000
1760,10000
1766,800
1767,6000
1768,27000
1769,52000
1776,100
1777,2900
1784,10
1785,3000
1786,20000
1787,54000
1804,1800
1822,4000
1823,10000
1824,18000
1833,6000
1842,10000
1850,4500
1856,4000
1857,27000
1860,20000
1943,3000
1949,6000
1953,2000
1966,1800
1978,100
2006,300
2008,800
2010,4000
2018,9
2052,100
2053,300
2054,1600
2055,4000
2060,18000
2061,3000
2070,8000
2090,3000
2091,5000
2094,14000
2096,4000
2108,10
2120,1500
2121,4000
2136,100
2137,900
2138,3000
2139,4000
2153,50
2159,550
2160,100
2161,100
2162,100
2165,650
2166,1400
2167,650
2168,1000
2259,10
2331,100
2332,135
2334,225
2337,250
2362,9000
2366,10
2368,500
2385,45
2386,180
2392,45
2393,22
2394,45
2395,270
2396,180
2397,180
2399,270
2401,270
2402,225
2406,180
2484,100
2539,50
2541,100
2544,200
2546,150
2550,100
2565,2000
2567,1000
2575,10
2576,500
2589,800
2590,3000
2591,8000
2637,1900
2643,2000
2645,1
2658,180
2659,200
2661,90
2662,50
2664,450
2665,90
2666,180
2668,270
2670,450
2672,450
2674,900
2675,900
2687,600
2737,45
2738,45
2739,45
2740,180
2741,180
2742,180
2767,12000
2782,4000
2791,14000
2800,11000
2812,28000
2835,10000
2836,5000
2837,18000
2855,1500
2860,22000
2870,3000
2878,5000
2893,4500
2908,3000
2912,2000
2941,6000
2948,3000
2964,90
2970,10000
2974,600
2983,300
3029,5000
3034,14000
3043,6000
3044,100
3045,7000
3100,450
3101,450
3102,500
3104,500
3111,2200
3116,90
3117,900
3127,100
3140,1800
3170,50
3171,450
3173,1350
3176,1350
3177,1800
3273,100
3274,500
3276,100
3277,250
3278,1000
3292,450
3293,225
3294,450
3296,900
3304,50
3307,450
3308,2250
3319,45
3320,90
3323,90
3324,180
3326,225
3328,1000
3331,450
3333,900
3337,900
3420,3000
3421,35000
3447,3600
3448,4500
3450,5400
3451,2880
3452,4500
3464,5000
3472,16000
3491,600
3501,900
3502,1125
3506,900
3508,6750
3538,4500
3552,14000
3561,2000
3562,2000
3563,2000
3564,4500
3565,8000
3566,8000
3567,2000
3569,2250
3570,5000
3627,10000
3661,8000
3662,14000
3698,2000
3699,5000
3700,9000
3747,5000
3753,75
3755,90
3756,150
3757,180
3759,500
3760,2000
3761,550
3763,500
3764,1800
3766,1500
3768,1200
3770,1500
3774,2500
3776,2800
3780,2000
3811,5000
3813,720
3816,50
3817,650
3818,1800
3839,450
3840,90
3841,180
3842,270
3843,360
3845,270
3848,450
3850,450
3852,675
3855,675
3859,675
3861,900
3865,900
3866,225
3871,450
3908,10
3909,450
3910,4500
3914,45
3915,25
3922,115
3923,130
3924,150
3925,150
3926,225
3929,250
3930,250
3931,250
3932,270
3934,360
3936,378
3937,405
3938,405
3941,450
3942,450
3945,450
3946,450
3947,270
3949,495
3950,540
3953,540
3955,675
3956,675
3958,720
3961,810
3962,900
3963,900
3965,1080
3967,1260
3973,270
3977,200
3978,427
4036,10
4037,450
4038,4500
4094,450
4195,10
4196,120
4197,400
4198,1400
4199,1600
4200,2800
4201,4800
4202,6400
4733,1
4734,1
4735,1
4815,1
4816,1
4987,21000
5011,1000
5048,8400
5049,10000
5116,200
5118,2200
5138,3000
5143,200
5144,1500
5145,4000
5171,300
5177,100
5178,900
5179,3000
5180,6000
5186,200
5187,900
5188,2000
5189,4500
5195,5000
5196,12000
5201,12000
5209,5000
5211,900
5215,2000
5217,4000
5221,3000
5225,8000
5229,800
5232,300
5234,6000
5242,1000
5246,6000
5277,200
5308,8000
5384,8000
5388,1
5484,11000
5500,3000
5504,100
5505,400
5506,2000
5573,3500
5588,5000
5589,20000
5599,5000
5614,9000
5615,14000
5627,16000
5675,4000
5676,1500
5697,1200
5699,8000
5730,100
5740,2000
5763,5000
5782,200
6041,8000
6060,16000
6063,8000
6064,12000
6065,10000
6066,14000
6074,1200
6075,3000
6076,6000
6077,11000
6078,16000
6117,13000
6127,8000
6129,10000
6131,15000
6141,7000
6143,3000
6178,10000
6190,8000
6192,6000
6196,4000
6197,1200
6201,300
6202,2500
6205,2500
6213,7000
6215,22000
6217,5000
6219,8000
6222,900
6223,3000
6226,8000
6229,7000
6343,100
6353,14000
6363,2200
6364,7000
6365,12000
6366,5000
6375,7000
6377,12000
6390,2000
6391,6000
6392,11000
6458,360
6495,9000
6499,100
6500,300
6510,14000
6517,720
6521,360
6546,600
6547,4000
6548,12000
6552,20000
6554,60000
6572,1500
6574,8000
6577,1
6661,2800
6666,1
6673,10
6690,900
6756,2000
6760,200
6761,1800
6762,5000
6768,8000
6770,300
6774,27000
6778,8000
6780,12000
6783,14000
6785,8000
6787,16000
6789,11000
6793,11000
6798,6000
6800,6000
6808,1900
6809,4500
6940,24000
7128,3000
7135,1000
7147,2500
7151,2500
7156,2800
7179,405
7181,4500
7223,900
7294,3000
7300,400
7301,2000
7302,8000
7320,15000
7322,2000
7369,12000
7372,14000
7373,56000
7379,16000
7384,1000
7400,10000
7402,18000
7405,6000
7408,270
7411,10
7412,500
7413,5000
7420,50
7426,100
7428,100
7430,150
7454,100
7457,250
7620,100
7623,45
7624,45
7641,9000
7646,7000
7648,8000
7651,10000
7658,5000
7659,11000
7731,500
7745,450
7748,250
7771,200
7779,360
7788,450
7795,900
7817,180
7818,90
7836,225
7837,900
7841,900
7845,2700
7857,900
7861,1125
7863,1260
7887,11000
7928,5000
7934,250
8004,2200
8005,12000
8008,6000
8010,10000
8012,8000
8017,10
8018,100
8019,1800
8024,400
8027,2000
8030,4000
8033,2200
8038,6000
8042,100
8044,100
8045,900
8046,3500
8050,400
8052,2000
8053,6000
8056,2200
8058,9000
8075,400
8092,300
8102,1600
8103,4000
8104,8000
8105,12000
8106,18000
8122,1200
8124,8000
8129,5000
8131,11000
8134,12000
8143,2000
8154,900
8155,3500
8160,3500
8161,11000
8166,3000
8170,11000
8177,7000
8181,3500
8184,6000
8190,4000
8192,14000
8198,3000
8204,11000
8205,20000
8227,6000
8232,7000
8235,12000
8249,11000
8288,3000
8289,10000
8334,270
8380,16000
8400,4000
8401,8000
8402,13000
8406,5000
8407,10000
8408,14000
8412,8000
8413,14000
8416,10000
8417,15000
8422,10000
8423,15000
8427,13000
8437,3000
8438,8000
8439,14000
8444,7000
8445,12000
8446,15000
8450,4000
8451,13000
8455,8000
8457,8000
8458,15000
8461,10000
8462,18000
8465,45
8467,225
8483,450
8489,675
8492,12000
8494,7000
8495,13000
8498,3000
8499,8000
8512,8000
8613,10
8617,500
8618,5000
8621,18000
8623,12000
8624,20000
8629,12000
8631,4000
8632,10000
8633,18000
8637,20000
8639,8000
8640,16000
8643,35000
8647,1200
8649,6000
8650,16000
8676,2900
8687,8000
8691,16000
8694,18000
8696,14000
8721,16000
8724,6000
8725,14000
8737,12000
8758,540
8760,540
8762,675
8764,810
8766,900
8768,225
8770,900
8772,900
8774,900
8776,45
8791,2250
8799,2700
8804,4500
8820,20000
8835,16000
8880,90
8895,2200
8903,12000
8905,20000
8907,14000
8910,14000
8914,10000
8918,14000
8921,100
8924,300
8925,1800
8926,3000
8927,5000
8928,10000
8929,14000
8936,800
8938,1900
8939,4000
8940,6000
8941,11000
8949,4500
8950,10000
8951,16000
8955,12000
8972,10000
8983,20000
8992,12000
8998,5000
9000,14000
9005,11000
9060,100
9062,100
9065,450
9068,600
9074,1400
9145,1500
9193,2000
9194,2000
9196,2500
9198,2800
9201,2800
9206,2800
9271,450
9472,6000
9473,11000
9474,16000
9484,3000
9485,18000
9490,8000
9492,5000
9493,11000
9578,3000
9579,10000
9592,18000
9634,14000
9745,16000
9747,16000
9749,16000
9750,16000
9752,18000
9754,18000
9756,18000
9758,18000
9785,50000
9821,20000
9823,20000
9827,30000
9829,20000
9830,28000
9833,20000
9834,26000
9835,32000
9839,20000
9840,26000
9841,32000
9845,22000
9846,34000
9849,22000
9850,32000
9852,22000
9853,32000
9856,22000
9857,28000
9858,34000
9862,23000
9863,34000
9866,23000
9867,32000
9875,23000
9876,32000
9880,23000
9881,32000
9884,23000
9885,34000
9888,23000
9889,30000
9892,26000
9894,26000
9896,34000
9898,26000
9901,28000
9904,28000
9907,28000
9908,28000
9910,28000
9912,28000
9913,34000
9916,2250
9918,2250
9920,2250
9921,2250
9926,4500
9928,4500
9931,4500
9935,4500
9954,10000
9959,15000
9961,15000
9968,20000
9974,10000
9983,90
9985,225
9986,450
9987,450
9993,9000
10001,15000
10003,15000
10007,15000
10011,10000
10015,10000
10053,28000
10054,40000
10059,15000
10097,4500
10098,9000
10138,15000
10139,32000
10144,18000
10145,35000
10148,18000
10149,28000
10150,36000
10151,42000
10156,18000
10157,38000
10159,18000
10160,32000
10161,40000
10169,18000
10170,36000
10173,28000
10174,42000
10177,35000
10179,23000
10180,32000
10181,38000
10185,23000
10186,35000
10187,42000
10191,23000
10192,35000
10193,42000
10197,26000
10199,36000
10201,26000
10202,36000
10205,26000
10206,35000
10207,40000
10211,28000
10212,38000
10215,28000
10216,38000
10219,32000
10220,42000
10223,32000
10225,42000
10230,36000
10248,50000
10278,16000
10290,300
10291,11000
10292,28000
10293,46000
10298,6000
10299,14000
10300,24000
10301,42000
10308,40000
10310,28000
10312,22000
10313,34000
10314,46000
10318,46000
10322,5000
10324,14000
10326,34000
10328,24000
10329,40000
10391,11000
10392,18000
10395,22000
10396,30000
10399,3500
10406,9000
10407,18000
10408,29000
10412,10000
10413,22000
10414,34000
10427,22000
10428,32000
10431,22000
10432,30000
10437,24000
10438,34000
10442,27000
10447,12000
10448,27000
10456,11000
10462,24000
10463,34000
10466,18000
10467,27000
10468,34000
10472,20000
10473,32000
10478,11000
10479,29000
10482,2800
10486,24000
10487,3500
10495,10000
10496,20000
10497,30000
10499,3500
10507,3500
10511,4000
10518,4000
10526,22000
10537,16000
10538,32000
10548,4600
10552,4300
10556,4600
10558,4600
10585,10000
10586,20000
10587,30000
10595,7000
10600,18000
10601,34000
10605,30000
10613,16000
10614,27000
10619,4000
10621,4000
10622,20000
10623,29000
10627,30000
10630,4300
10632,5500
10647,5500
10650,12000
10662,50000
10768,50000
10861,200000
10874,18000
10875,28000
10876,42000
10880,12000
10881,26000
10888,22000
10890,42000
10892,22000
10893,30000
10894,44000
10898,22000
10899,28000
10900,40000
10901,46000
10906,200000
10907,200000
10909,24000
10911,24000
10912,44000
10915,24000
10916,30000
10917,42000
10927,24000
10928,30000
10929,42000
10933,26000
10934,40000
10937,28000
10938,46000
10941,30000
10942,46000
10945,26000
10946,38000
10947,44000
10951,30000
10952,46000
10953,38000
10955,46000
10957,22000
10958,42000
10960,30000
10961,46000
10963,26000
10964,38000
10965,44000
11197,31000
11198,50000
11267,27000
11268,35000
11269,52000
11273,29000
11274,46000
11275,54000
11279,29000
11280,46000
11281,54000
11285,31000
11286,54000
11289,31000
11290,48000
11293,31000
11294,48000
11297,33000
11299,33000
11300,50000
11303,46000
11305,52000
11314,16000
11315,27000
11341,29000
11342,46000
11343,54000
11357,31000
11358,48000
11400,46000
11416,15000
11417,15000
11418,15000
11419,32000
11420,32000
11448,8100
11449,5850
11450,6750
11451,7200
11457,9000
11460,4500
11461,9000
11465,18000
11467,18000
11478,12600
11549,14000
11550,32000
11551,54000
11554,16000
11555,34000
11556,56000
11564,14000
11565,22000
11566,40000
11567,58000
11572,22000
11573,42000
11574,62000
11578,36000
11580,40000
11581,60000
11584,34000
11585,62000
11596,36000
11597,60000
11600,34000
11601,56000
11604,36000
11605,56000
11608,22000
11609,42000
11611,45000
11659,12000
11660,18000
11661,26000
11665,11000
11667,15000
11668,26000
11671,12000
11672,20000
11675,18000
11677,13000
11678,24000
11683,11000
11684,20000
11687,9000
11688,13000
11689,22000
11693,12000
11694,18000
11695,26000
11699,13000
11700,20000
11703,12000
11704,20000
11707,11000
11708,18000
11711,10000
11712,14000
11713,24000
11717,22000
11719,15000
11721,13000
11722,26000
11725,12000
11726,24000
11729,13000
11730,24000
11733,11000
11734,15000
11735,26000
11739,11000
11740,18000
11743,15000
11993,50000
12044,30
12045,45
12046,270
12048,3600
12049,3600
12050,3600
12051,2000
12052,4500
12053,4500
12055,4950
12061,2250
12065,4500
12067,4500
12069,4500
12070,4500
12071,5400
12072,6000
12073,5400
12074,2400
12076,5850
12077,4500
12079,5850
12082,6300
12088,6750
12092,6750
12180,50000
12505,200
12522,400
12523,650
12524,900
12525,1400
12526,1800
12584,900
12585,900
12586,900
12589,1170
12590,900
12591,1350
12594,1440
12595,1440
12596,1530
12599,1620
12603,1620
12609,7200
12618,1980
12619,2160
12621,2800
12622,2800
12656,45000
12715,1000
12716,1500
12717,1500
12718,1500
12754,2600
12755,2400
12758,3000
12759,2800
12760,1500
12824,2000
12825,15000
12826,42000
12895,1350
12897,1500
12899,1500
12902,1800
12903,2000
12905,2200
12906,2400
12907,2600
12908,2800
13018,650
13019,1150
13020,1750
13021,2100
13031,1300
13032,1750
13033,2000
13159,18000
13161,8000
13163,100
13165,400
13220,12000
13228,20000
13229,33000
13230,50000
13378,540
13421,720
13485,1350
13501,1350
13503,1800
13529,2160
13538,2250
13542,26000
13543,40000
13544,50000
13549,400
13550,2000
13551,7000
13552,12000
13553,24000
13554,36000
13555,48000
13607,2160
13622,2250
13626,2250
13628,2250
13631,2600
13635,2600
13637,2800
13640,2800
13642,2520
13644,2800
13648,2520
13657,2700
13659,2880
13661,3240
13663,3420
13693,3600
13695,3600
13700,3600
13702,3600
13746,3780
13794,3780
13795,1800
13809,8000
13813,12000
13815,3960
13822,3960
13836,4140
13858,4320
13887,4500
13890,4500
13905,5400
13917,5400
13920,50000
13935,5800
13937,6200
13939,6200
13941,6200
13943,6200
13948,6500
14260,200
14261,1800
14262,7000
14263,10000
14264,18000
14265,32000
14266,46000
14267,16000
14268,50000
14269,8000
14270,26000
14271,48000
14272,12000
14273,32000
14274,2200
14275,10000
14276,24000
14277,40000
14279,28000
14280,46000
14281,600
14282,2200
14283,8000
14284,14000
14285,26000
14286,40000
14287,50000
14288,8000
14289,24000
14290,42000
14293,50
14294,36000
14295,48000
14302,7000
14303,14000
14304,28000
14305,46000
14310,18000
14311,50000
14316,26000
14317,42000
14318,2000
14319,8000
14320,16000
14321,32000
14322,48000
14323,6000
14324,18000
14325,48000
14326,8000
14327,28000
14379,225
14380,2250
14807,200
14809,2600
14810,2700
14818,900
14819,1500
14914,3000
14923,440
14924,1600
14925,3600
14926,7200
14927,10000
14930,4000
14932,4000
15107,10000
15111,20000
15112,30000
15207,24000
15208,30000
15255,1350
15261,46000
15262,5000
15263,10000
15264,14000
15265,22000
15266,28000
15267,40000
15430,400
15431,700
15590,1000
15629,8000
15630,18000
15631,36000
15632,50000
15833,9000
15972,6750
16153,18000
16314,9000
16315,18000
16316,29000
16339,10000
16341,20000
16342,30000
16355,22000
16356,32000
16362,34000
16387,32000
16639,10000
16640,10000
16641,10000
16810,95
16811,250
16812,600
16813,1100
16914,14000
17180,10000
17181,10000
17311,400
17312,700
17313,1200
17314,1900
17329,1600
17347,7750
17348,13000
17354,1100
17359,1600
17390,300
17391,800
17392,1400
17401,23000
17402,34000
17551,13500
17727,14000
17728,26000
17862,12000
17919,4000
17920,8000
17921,11000
17922,15000
17923,24000
17924,22000
17925,15000
17926,24000
17928,20000
17937,22000
17951,9000
17952,13000
17953,22000
18401,10000
18402,10000
18499,14000
18647,14000
18657,12000
18658,32000
18807,2300
18809,2100
18867,150
18868,350
18869,550
18870,700
18871,1100
18879,500
18880,700
18881,1200
18930,700
18931,1000
18932,1300
18937,750
18938,1300
18995,200000
19047,4300
19058,4300
19236,100
19238,300
19240,600
19241,1100
19242,1500
19243,2200
19261,150
19262,500
19264,900
19265,1500
19266,2300
19271,500
19273,900
19274,1500
19275,2300
19276,400
19277,700
19278,1200
19279,1900
19280,2300
19281,150
19282,500
19283,900
19284,1500
19285,2300
19289,500
19291,900
19292,1500
19293,2300
19296,100
19299,300
19302,600
19303,1100
19304,1500
19305,2200
19308,400
19309,700
19310,1200
19311,1900
19312,2300
19567,4000
19666,600
19667,225
19668,2250
19669,10000
19740,100
19742,2000
19746,4000
19750,4000
19752,11000
19788,4000
19790,9000
19791,4500
19834,1000
19835,4000
19836,12000
19837,21000
19838,34000
19850,5000
19852,13000
19853,22000
19854,40000
19876,9000
19878,10000
19879,36000
19880,7000
19882,18000
19883,400
19884,2000
19885,7000
19888,12000
19891,14000
19895,20000
19896,34000
19897,22000
19898,42000
19899,26000
19900,46000
19939,6000
19940,13000
19941,21000
19942,28000
19943,44000
19977,20000
19978,28000
19979,46000
20043,28000
20116,200
20162,1000
20164,4000
20165,11000
20166,16000
20190,46000
20201,10000
20230,4000
20271,100
20287,300
20288,3500
20289,6000
20290,13000
20291,21000
20292,28000
20293,44000
20305,4000
20306,12000
20307,21000
20308,34000
20347,20000
20348,28000
20349,46000
20356,26000
20357,44000
20484,2000
20559,36000
20560,58000
20569,62000
20608,7000
20609,3500
20610,10000
20616,32000
20617,54000
20648,500
20649,1800
20650,2800
20658,14000
20660,22000
20661,40000
20662,58000
20719,14000
20729,40000
20736,600
20739,6000
20742,14000
20747,23000
20748,34000
20752,6000
20755,11000
20756,15000
20757,26000
20770,44000
20772,26000
20773,46000
20776,22000
20777,34000
20900,400
20901,700
20902,1300
20903,2000
20904,2500
20905,1800
20906,2500
20909,1200
20910,2100
20912,1000
20913,1400
20914,2300
20915,550
20918,1000
20919,1400
20920,2300
20922,1000
20923,1400
20924,2300
20927,1400
20928,2300
20929,1300
20930,2100
21082,100
21175,4000
21551,2000
21552,2800
21553,3100
22331,4300
22568,8000
22782,28000
22783,40000
22808,9000
22812,18000
22827,14000
22828,22000
22829,30000
22842,11000
22895,20000
22896,30000
23070,5000
23071,16000
23486,0
23489,0
23892,2000
23893,2800
23894,3100
23923,2000
23924,2800
23925,3100
24132,1800
24133,2500
24239,46000
24274,34000
24275,22000
24440,440
24441,1600
24463,3600
24464,7200
24475,440
24476,1600
24477,3600
24478,7200
24490,440
24494,440
24495,440
24508,1600
24509,3600
24510,7200
24511,1600
24512,3600
24513,7200
24514,1600
24515,3600
24516,7200
24547,10
24556,120
24557,400
24558,1400
24559,1600
24560,2800
24561,4800
24562,6400
24631,8400
24632,10000
24654,50000
24655,30000
24974,300
24975,700
24976,1150
24977,1700
25780,3000
25782,46000
25890,46000
25894,46000
25895,46000
25898,2300
25899,2300
25908,24000
25916,46000
25918,46000
27681,2300
27799,1200
27800,1900
27801,2300
27841,2300
27870,1200
27871,1500
29166,14000
33388,900000
33391,9000000
